plant	time	x	y	r_ag	h_ag	r_bg	h_bg	growth	ag_factor	bg_factor
Initial_000000001	432000.0	1	0.8	0.11178640823070946	0.24714563292283778	0.11515395343948359	0.21010263562632242	0.0167674174972787	1	1.0
Initial_000000002	432000.0	1	1.2	0.06205020713079368	0.1482008285231747	0.06549312345387759	0.11032874896925171	0.01719421535224801	1	1.0
