plant	time	x	y	r_stem	h_stem	r_crown	r_root	growth	ag_resources	bg_resources
Bettina_000000001	2000000.0	10.0	11.0	0.11229440560518016	5.977561731480918	2.4256391000200423	1.50192197878664	0.0008710058585645146	0.4621066828213375	0.29981559104675876
Kiwi_000000001	2000000.0	11.0	11.0	0.11234732417043373	5.97431226575208	3.3518252366499324	3.3518252366499324	0.7309793645622603	NaN	NaN
