plant	time	x	y	r_stem	h_stem	r_crown	r_root	growth	ag_resources	bg_resources
Bettina_000000001	500000000.0	10.0	11.0	0.15516244253493314	6.680402181826311	2.616580364882978	1.9634956251799625	0.0013322122445752224	0.5373455684952401	0.5112984352099733
Kiwi_000000001	500000000.0	11.0	11.0	0.17099928155538158	5.97431226575208	4.135205938709481	4.135205938709481	0.7506484698148348	NaN	NaN
