plant	time	x	y	r_stem	h_stem	r_crown	r_root	growth	ag_resources	bg_resources	salinity
Initial_000000001	2000000.0	10	11	0.11229160697506478	5.977510964171973	2.4256390981434635	1.5018946802648585	0.000843738771511364	0.4621066828213375	0.2940140831631097	0.03073883083634518
Initial_000000002	2000000.0	12	11	0.02494490003478445	3.049558462423208	0.808002063250292	0.5034250318820389	0.000136727456831374	0.05127608005572926	0.03330460349253199	0.03174784114586705
