plant	time	x	y	r_ag	h_ag	r_bg	h_bg	growth	ag_factor	bg_factor	salinity
Initial_000000001	864000.0	1	0.8	0.11372831738398874	0.25491326953595483	0.12052251644163332	0.21368167762775556	0.010180944128070829	1	0.622459352016449	0.07500000000000001
Initial_000000002	864000.0	1	1.2	0.06425819858065802	0.15703279432263215	0.07131463795708147	0.11420975863805433	0.010649387192481447	1	0.622459352016449	0.07500000000000001
