plant	time	x	y	r_ag	h_ag	r_bg	h_bg	growth	ag_factor	bg_factor
Initial_000000001	432000.0	1	0.8	0.10706991826897505	0.22827967307590022	0.10981175465248698	0.20654116976832465	0.010298947134635335	1	0.622459352016449
Initial_000000002	432000.0	1	1.2	0.05731450130731316	0.12925800522925263	0.060151191216395256	0.10676746081093018	0.010686574909677227	1	0.622459352016449
