plant	time	x	y	r_stem
Initial_000000001	2000000.0	10	11	0.05811453301290236
Initial_000000002	2000000.0	12	11	0.012539533878317893
Initial_000000003	2000000.0	1.6967331035870423	18.91765402226748	0.005
Initial_000000004	2000000.0	9.359615267691863	2.844752946084658	0.005
Initial_000000005	2000000.0	15.958524037460606	0.7972342850982752	0.005
Initial_000000006	2000000.0	4.915192302764702	7.862524811218805	0.005
Initial_000000007	2000000.0	12.843940410157874	3.492035548400634	0.005
Initial_000000008	2000000.0	12.716008080190383	4.675476290206483	0.005
