plant	time	x	y	r_stem	height	growth	ag_factor	bg_factor
Initial_000000001	2000000.0	10.0	11.0	0.150076192559858	0	NaN	NaN	NaN
Initial_000000002	2000000.0	12.0	11.0	0.0600149950340825	0	NaN	NaN	NaN
