tree	time	x	y	r_stem	h_stem	r_crown	r_root	growth	ag_resources	bg_resources
Species_2_000000001	2000000.0	12.0	11.0	0.024947060990380347	3.0556737282623474	0.8141154382502	0.5033435202292423	0.0002189821708695315	0.051664769825987625	0.050821336825372924
Species_2_000000001	500000000.0	12.0	11.0	0.09454234968061496	5.558893353271697	2.14463693262138	1.3258771807578709	0.0012687248860453046	0.3604980618190603	0.34623880254617456
