plant	time	x	y	r_stem	h_stem	r_crown	r_root	growth	ag_resources	bg_resources
Initial_000000001	500000000.0	10.0	11.0	0.16978428740021004	7.123966089441238	3.2251923589605798	2.02656969432003	0.0021840939852412586	0.8164251871588893	0.7725470920748335
Initial_000000002	500000000.0	12.0	11.0	0.09438263299463397	5.5219803949277715	2.0726178843704353	1.3331543001590869	0.0011638438303830506	0.33679026828058806	0.322041479687407
