plant	time	x	y	r_stem	h_stem	r_crown	r_root	growth	ag_resources	bg_resources
Initial_000000001	2000000.0	10.0	11.0	0.05811453301290236	4.521133970993994	1.5055389849906182	0.9302896456111526	0.0006886804894949109	0.17738252703644922	0.17164108379679274
Initial_000000002	2000000.0	12.0	11.0	0.012539533878317893	2.0038887928806957	0.5049358167805114	0.3124088104587085	8.728520160687459e-05	0.019797014338938223	0.019759463109217917
