time	x	y	r_stem	h_stem	r_crown	r_root	growth	ag_resources	bg_resources
2000000.0	12.0	11.0	0.02473471158687764	3.042197671562914	0.809136842184496	0.500270317831348	4.030462676232642e-05	0.05134821422142205	0.05051435967511659
500000000.0	12.0	11.0	0.031513386428136114	3.4344522698746545	0.9635925480679267	0.5955887602068003	1.4337612274013625e-05	0.07290337289250051	0.07135648134743466
