tree	time	x	y	r_stem	height	growth	ag_factor	bg_factor
Initial_000000001	500000000.0	10.0	11.0	0.08855682994635738	9.324875265451164	1.061662827684256	1	1
Initial_000000002	500000000.0	12.0	11.0	0.07392218782161765	8.082381781851659	1.0361402899012957	1	1
