tree	time	x	y	r_stem	h_stem	r_crown	r_root	growth	ag_factor	bg_factor
Initial_000000001	500000000.0	10.0	11.0	0.20032187767540613	5.97431226575208	4.475733210049569	4.475733210049569	1.1212080889803708	1	1
Initial_000000002	500000000.0	12.0	11.0	0.10314224229779184	3.03909351535935	3.2115765956581486	3.2115765956581486	1.0807773868930453	1	1
