tree	time	x	y	r_stem	h_stem	r_crown	r_root	growth	ag_resources	bg_resources	rgf	partner	potential_partner	water_available	water_absorbed	water_exchanged
Initial_000000001	500000000.0	10.0	11.0	0.16965505826074412	7.132736312047637	3.26368235170696	2.021465421304216	0.0022949246716952344	0.8358536844683055	0.7977535739243724	-1	['Initial2']	[]	0.7977535739243723	0.7978545576196617	-0.00010098369528934023
Initial_000000002	500000000.0	12.0	11.0	0.09449070104676066	5.560017888417449	2.1437410872221165	1.3252213448048031	0.0012677720792084635	0.36019661138034487	0.3459497344155479	-1	['Initial1']	[]	0.3459497344155479	0.34584875072025867	0.00010098369528934023
