time	x	y	r_stem	h_stem	k_geom
0.0	12.672964698525508	14.976077650772236	0.005	0.05	4000
43200.0	12.672964698525508	14.976077650772236	0.005	0.05	4000
86400.0	12.672964698525508	14.976077650772236	0.005	0.05	4000
