time	x	y	r_stem	h_stem	k_geom
86400.0	5.919234137593574	17.678729591223725	0.005	0.05	4000
