time	x	y	r_stem	h_stem	k_geom
43200.0	13.707196367355944	19.06786692389873	0.005	0.05	4000
86400.0	13.707196367355944	19.06786692389873	0.005	0.05	4000
