x,y,r_crown,r_root,r_stem,h_stem
12.391669402860405,14.027146575910214,0.2,0.2,5,0.05
3.1220261855103804,10.561990135209633,0.2,0.2,5,0.05
4.790401399495101,5.1764244189797814,0.2,0.2,5,0.05
2.8152689139176257,4.592888795855128,0.2,0.2,5,0.05
0.7404235498840506,0.8834617195610139,0.2,0.2,5,0.05
