tree	time	x	y	r_stem	height	growth	ag_factor	bg_factor
Initial_000000001	2000000.0	10.0	11.0	0.014532942736507648	2.744877740218159	0.46397215668445646	1	0.679526154367931
Initial_000000002	2000000.0	12.0	11.0	0.006490554639049466	1.9861168560814164	0.3048190779623915	1	0.6699957782947294
