time	x	y	r_stem	h_stem	r_crown	r_root	growth	ag_resources	bg_resources
0.0	10.0	11.0	0.11184322808669732	5.968123421618492	2.4213764902912236	1.497540449174719	-0.0032915917592015904	0.4621066813890177	0.44287263048778086
