tree	time	x	y	r_stem	height	growth	ag_resources	bg_resources
Initial_000000001	2000000.0	10.0	11.0	0.11246109724620004	11.291185528652004	1.090485520741111	NaN	NaN
Initial_000000002	2000000.0	12.0	11.0	0.024947262269758935	3.7120203704809227	0.823801580165212	NaN	NaN
