plant	time	x	y	r_stem	height	growth	ag_factor	bg_factor
Initial_000000001	2000000.0	10.0	11.0	0.1504295790714198	14.253072891145882	1.115237748854243	1	1
Initial_000000002	2000000.0	12.0	11.0	0.06033309747309271	6.902400297235405	1.0040746945694174	1	1
