plant	time	x	y	r_stem	h_stem	r_crown	r_root	growth	ag_resources	bg_resources	salinity
Initial_000000001	2000000.0	10	11	0.11226882491685122	5.977097608516402	2.4256390926996296	1.5016725831215985	0.0007462647022652545	0.46210668145556993	0.2732500105651177	0.034999938348613036
Initial_000000002	2000000.0	12	11	0.0246864169126034	3.041566919035289	0.8104585711844785	0.499570285378578	3.209584726357741e-05	0.01102111782194493	0.03122780435210427	0.03499983745979359
Initial_000000003	2000000.0	1.6967331035870423	18.91765402226748	0.005	0.06052472383550822	0.20249829303163297	0.20000000000002865	1.3776831284455835e-05	0.0031415926535897933	0.006962769762615453	0.03499932159840235
Initial_000000004	2000000.0	9.359615267691863	2.844752946084658	0.005	0.05	0.2	0.2	NaN	NaN	NaN	NaN
