plant	time	x	y	r_stem	age
Initial_000000001	2000000.0	10	11	0.05811453301290236	2000000.0
Initial_000000002	2000000.0	12	11	0.012539533878317893	2000000.0
Initial_000000003	2000000.0	10.5120222267389	11.079819077287565	0.005	1000000.0
Initial_000000004	2000000.0	9.976471431394042	10.898455771163956	0.005	NaN
