plant	time	x	y	r_stem	h_stem	r_crown	r_root	growth	ag_resources	bg_resources	salinity
Initial_000000001	2000000.0	10.0	11.0	0.11226882491685122	5.977097608516402	2.4256390926996296	1.5016725831215985	0.0007462647022652545	0.46210668145556993	0.2732500105651177	0.034999938348613036
Initial_000000002	2000000.0	12.0	11.0	0.0246864169126034	3.041566919035289	0.8104585711844785	0.499570285378578	3.209584726357741e-05	0.01102111782194493	0.03122780435210427	0.03499983745979359
Initial_000000004	2000000.0	10.850874115244714	11.0	0.005	0.05	0.2	0.2	NaN	NaN	NaN	NaN
