plant	time	x	y	r_stem	h_stem	r_crown	r_root	growth	ag_resources	bg_resources	salinity
Initial_000000001	2000000.0	10	11	0.11236431015237831	5.978509962312709	2.4256427106014393	1.5001837135192426	0.001126115647705317	0.46210735503662836	0.3598015366421273	0.03499990694530467
Initial_000000002	2000000.0	12	11	0.0246864169126034	3.0413387766289546	0.8102321788275856	0.499570285378578	2.9136118164666447e-05	0.011018036960656763	0.04135509806905843	0.03499985243912011
Initial_000000003	2000000.0	1.6967331035870423	18.91765402226748	0.005	0.06016376383550822	0.20241261060741864	0.2	1.330433574935593e-05	0.0031415926535897933	0.010513695559025208	0.03499934486512595
Initial_000000004	2000000.0	9.359615267691863	2.844752946084658	0.005	0.05	0.2	0.2	NaN	NaN	NaN	NaN
