plant	time	x	y	r_stem	h_stem	r_crown	r_root	growth	ag_resources	bg_resources	salinity
Initial_000000001	500000000.0	10.0	11.0	0.15099778614571888	6.590525435112717	2.4750781235535824	1.9364067515592176	0.0011505441544806215	0.48086974279511824	0.45433273538730057	0.034999891415851435
Initial_000000002	500000000.0	12.0	11.0	0.046103985682810086	4.613017035740669	1.5179052310644505	0.738970106964702	0.00023009522891192678	0.07009904963977893	0.06698667670923837	0.03499981308572793
Initial_000000502	500000000.0	10.663251430575738	11.0	0.005	0.05	0.2	0.2	NaN	NaN	NaN	NaN
