plant	time	x	y	r_stem	h_stem	r_crown	r_root	growth	ag_resources	bg_resources	salinity
Initial_000000001	500000000.0	10.0	11.0	0.15517029148002873	6.678210274247938	2.606938399273664	1.9647296053922265	0.0013132557454039726	0.533410092975038	0.5068631917657989	0.030170707730111688
Initial_000000002	500000000.0	12.0	11.0	0.08149385907768224	4.761296234291765	1.6348038817920671	1.2512164536078487	0.0007187536233544189	0.20950687428133372	0.20063744351810114	0.03240524394658082
