plant	time	x	y	r_stem	h_stem	r_crown	r_root	growth	ag_resources	bg_resources
Initial_000000001	500000000.0	10	11	0.09476463187977975	5.9493340866464175	2.650494553506409	1.257129157900089	0.0006995650180981001	0.23882744830056532	0.310381735910089
Initial_000000002	500000000.0	12	11	0.05010179337335961	4.833879780282246	1.5875972439178687	0.7863623824080167	0.00030149408556454186	0.08548494900518712	0.12276219250543734
