plant	time	x	y	r_ag	h_ag	r_bg	h_bg	growth	ag_factor	bg_factor
Initial_000000001	8640000.0	1	0.8	0.2788286352343064	0.9153145409372254	0.3299225310155369	0.3532816873436912	0.007110207043591099	1.0	1
Initial_000000002	8640000.0	1	1.2	0.24613945669959222	0.8845578267983687	0.30117843023657853	0.2674522868243855	0.007484749149162566	0.8503184713375797	1
