plant	time	x	y	r_ag	h_ag	r_bg	h_bg	growth	ag_factor	bg_factor
Initial_000000001	8640000.0	1	0.8	0.35195009231568586	0.7039001846313717	0.34731062230019527	0.6946212446003905	0.004825107690941707	0.8461538461538461	1
Initial_000000002	8640000.0	1	1.2	0.3498356027060021	0.6996712054120042	0.3452953201782071	0.6905906403564142	0.00482510769096599	0.8461538461538461	1
