plant	time	x	y	r_stem	height	growth	ag_factor	bg_factor
Initial_000000001	500000000.0	10.0	11.0	0.2386964929691368	20.372890121573224	1.1095787707394478	1.0	1
