tree	time	x	y	r_stem	h_stem	r_crown	r_root	growth	ag_resources	bg_resources	salinity
Initial_000000001	2000000.0	10.0	11.0	0.11237106220678127	5.980074677067766	2.4296196192273247	1.5026555242822426	0.0015461135368225157	0.46286551410572563	0.44359042463054615	8.108358730726382e-07
Initial_000000002	2000000.0	12.0	11.0	0.02494708044786712	3.0556735576979492	0.8141144828128538	0.5033438417155462	0.00021898098018248094	0.051664676188251435	0.050821082977990685	5.728316728354377e-07
