plant	time	x	y	r_stem	height	growth	ag_factor	bg_factor
Initial_000000001	2000000.0	10.0	11.0	0.15042957824002318	14.253072859802016	1.1152351250028216	1	0.9999976474178232
Initial_000000002	2000000.0	12.0	11.0	0.06033309672456697	6.902400264389473	1.0040723313689277	1	0.9999976474174384
