plant	time	x	y	r_stem	height	growth	ag_factor	bg_factor
Initial_000000001	500000000.0	10	11	0.2386543279669363	20.370227797000197	1.109066296434158	1	0.9995203018188477
Initial_000000002	500000000.0	12	11	0.14490749533677985	13.83461706977247	1.1122567265146748	1	0.9994350075721741
