plant	time	x	y	r_stem	height	growth	ag_factor	bg_factor
Initial_000000001	500000000.0	10.0	11.0	0.23869628618129787	20.372877065453963	1.1095762574956922	1	0.9999976474178232
Initial_000000002	500000000.0	12.0	11.0	0.14495709655083938	13.838386945511356	1.11290565709067	1	0.9999976474174384
