plant	time	x	y	r_stem	height	growth	ag_factor	bg_factor
Initial_000000001	2000000.0	10.0	11.0	0.15031590169975464	14.248799749659417	0.7554101143794061	1	0.6773669356681752
Initial_000000002	2000000.0	12.0	11.0	0.060227916081013494	6.897795037091615	0.6712564353229538	1	0.6686287717230873
