plant	time	x	y	r_stem	height	growth	ag_factor	bg_factor
Initial_000000001	500000000.0	10.0	11.0	0.2101703535123464	18.51609999964051	0.7576432423188945	1	0.6767904669143265
Initial_000000002	500000000.0	12.0	11.0	0.11593327667378098	11.574887053400298	0.7304312433258545	1	0.6678352096425291
