plant	time	x	y	r_stem	h_stem	r_crown	r_root	growth	ag_resources	bg_resources
Initial_000000001	2000000.0	10	11	0.0578281884412867	4.513012782118172	1.5034438995586075	0.926942149712091	0.00013070766583992286	0.0528020225147742	0.17099617447268534
Initial_000000002	2000000.0	12	11	0.0123232096587272	1.9836451661931633	0.5018163067276399	0.308854210975212	2.203921424000213e-05	0.005863292931692342	0.019522692767227935
