plant	time	x	y	r_stem	h_stem	r_crown	r_root	growth	ag_resources	bg_resources	rgf	partner	potential_partner	water_available	water_absorbed	water_exchanged
Initial_000000001	2000000.0	10.0	11.0	0.11237104649845417	5.980074775523146	2.4296209749699984	1.502655364224601	0.001546131522877494	0.4628658616808192	0.44359425820285403	-1	[]	[]	0.443594258202854	0.443594258202854	0.0
Initial_000000002	2000000.0	12.0	11.0	0.024947060990380347	3.0556737282623474	0.8141154382502	0.5033435202292423	0.0002189821708695315	0.051664769825987625	0.050821336825372924	-1	[]	[]	0.05082133682537293	0.05082133682537293	0.0
