plant	time	x	y	r_stem	age
Initial_000000001	2000000.0	1.6967331035870423	18.91765402226748	0.005	2000000.0
Initial_000000002	2000000.0	15.958524037460606	0.7972342850982752	0.005	NaN
Initial_000000003	2000000.0	4.915192302764702	7.862524811218805	0.005	NaN
