plant	time	x	y	r_stem	h_stem	r_crown	r_root	growth	ag_resources	bg_resources	salinity
Initial_000000001	2000000.0	1.6967331035870423	18.91765402226748	0.005	0.07139008973032372	0.20502985561531364	0.2	1.413499638869176e-05	0.0032205690476936714	0.011112127340806747	0.0
Initial_000000002	2000000.0	15.958524037460606	0.7972342850982752	0.005	0.05	0.2	0.2	NaN	NaN	NaN	NaN
Initial_000000003	2000000.0	4.915192302764702	7.862524811218805	0.005	0.05	0.2	0.2	NaN	NaN	NaN	NaN
