plant	time	x	y	r_ag	h_ag	r_bg	h_bg	growth	ag_factor	bg_factor	salinity
Initial_000000001	864000.0	1	0.8	0.1769211533161786	0.3538423066323572	0.1769211533161786	0.3538423066323572	0.005702399999836058	1.0	1	NaN
Initial_000000002	864000.0	1	1.2	0.16706407162233525	0.3341281432446705	0.16706407162233525	0.3341281432446705	0.005702399999864273	1.0	1	NaN
