tree,x,y,r_stem,h_stem,r_crown,r_root
Kiwi_000000001,11,11,0.112115569318931,5.97431226575208,2.42563909234418,1.50018371351876
