plant	time	x	y	r_stem
Initial_000000001	2000000.0	10	11	0.05811453301290236
Initial_000000002	2000000.0	12	11	0.012539533878317893
Initial_000000003	2000000.0	10.931530125684287	14.288434995443327	0.005
Initial_000000004	2000000.0	10.621207570892684	18.212105242719737	0.005
