tree	time	x	y	r_stem	height	growth	ag_resources	bg_resources
Initial_000000001	2000000.0	10.0	11.0	0.014602314279132113	2.748132936967345	0.6834500875947305	NaN	NaN
Initial_000000002	2000000.0	12.0	11.0	0.006538182065682919	1.988371093637247	0.45595757478232235	NaN	NaN
