plant	time	x	y	r_ag	h_ag	r_bg	h_bg	growth	ag_factor	bg_factor
Initial_000000001	8640000.0	1	0.8	0.21616606241197842	0.6646642496479139	0.26121726729622596	0.3074781781974838	0.005932093467688413	1	0.622459352016449
Initial_000000002	8640000.0	1	1.2	0.18204355705978736	0.6281742282391495	0.2332523285308251	0.2221682190205501	0.00772406877102612	1	0.622459352016449
