plant	time	x	y	r_ag	h_ag	r_bg	h_bg	growth	ag_factor	bg_factor
Initial_000000001	864000.0	1	0.8	0.15177120133746924	0.3035424026749385	0.16074200632957075	0.3214840126591415	0.0035495122088243774	1	0.622459352016449
Initial_000000002	864000.0	1	1.2	0.137875638263595	0.27575127652719	0.14855275961505568	0.29710551923011136	0.0035495122088525927	1	0.622459352016449
