plant	time	x	y	r_ag	h_ag	r_bg	h_bg	growth	ag_factor	bg_factor
Initial_000000001	864000.0	1	0.8	0.11406467226166946	0.25625868904667787	0.11951919502446326	0.21301279668297549	0.010182939392759972	1	0.622459352016449
Initial_000000002	864000.0	1	1.2	0.06460655943253707	0.15842623773014824	0.0702712353971526	0.11351415693143509	0.010649996862646612	1	0.622459352016449
