plant	time	x	y	r_ag	h_ag	r_bg	h_bg	growth	ag_factor	bg_factor
Initial_000000001	8640000.0	1	0.8	0.2960965933651326	0.5921931867302652	0.31923157974568606	0.6384631594913721	0.0035495122080046273	1	0.622459352016449
Initial_000000002	8640000.0	1	1.2	0.2927317515954098	0.5854635031908196	0.31634349397145684	0.6326869879429137	0.003549512208032843	1	0.622459352016449
