tree,x,y,r_stem,h_stem,r_crown,r_root
Initial_000000001,10,11,0.0578281884412867,4.51153085664295,1.50012328699222,0.926942149712091
Initial_000000002,12,11,0.0123232096587272,1.9776990151532,0.499186547499313,0.308854210975212
