tree	time	x	y	r_stem	height	growth	ag_factor	bg_factor
Initial_000000001	500000000.0	10.0	11.0	0.17144302699600467	15.811340195133466	0.7562998325220882	1	0.6747015173722665
Initial_000000002	500000000.0	12.0	11.0	0.07519189093995539	8.196039901999614	0.6929867430653402	1	0.6671174487546017
