tree	time	x	y	r_stem	height	growth	ag_factor	bg_factor
Initial_000000001	2000000.0	10.0	11.0	0.11234904796098996	11.28667395531892	0.7364261503006955	1	0.67535249549679
Initial_000000002	2000000.0	12.0	11.0	0.02486072479675292	3.7080197524741805	0.5500959229549103	1	0.668093984592563
