plant	time	x	y	r_stem	height	growth	ag_factor	bg_factor
Initial_000000001	500000000.0	10.0	11.0	0.062175920786460157	7.068396270018625	0.6847152898212284	1	0.6784886641631878
Initial_000000002	500000000.0	12.0	11.0	0.047669225754325	5.784586907746825	0.6439473425047787	1	0.6688541428034295
