tree	time	x	y	r_stem	height	growth	ag_factor	bg_factor
Initial_000000001	500000000.0	10.0	11.0	0.20032187767540613	17.84388718140633	1.1212080889803708	1	1
Initial_000000002	500000000.0	12.0	11.0	0.10314224229779184	10.533965716266628	1.0807773868930453	1	1
