plant	time	x	y	r_stem	height	growth	ag_resources	bg_resources
Initial_000000001	500000000.0	10.0	11.0	0.08855682994635738	9.324875265451164	1.061662827684256	NaN	NaN
Initial_000000002	500000000.0	12.0	11.0	0.038626854551060366	4.975301056171039	0.23052242002131348	NaN	NaN
