plant	time	x	y	r_stem	height	growth	ag_factor	bg_factor
Initial_000000002	500000000.0	12.0	11.0	0.1449573039519824	13.83840270805806	1.1129083704728093	1	1
