plant	time	x	y	r_stem	height	growth	ag_factor	bg_factor
Initial_000000001	2000000.0	10.0	11.0	0.15039734348708134	14.253072891145882	0.9117822135902933	1	0.8175675675675675
Initial_000000002	2000000.0	12.0	11.0	0.06026150875713266	6.902400297235405	0.5522410820131797	1	0.55
