plant	time	x	y	r_stem	height	growth	ag_factor	bg_factor
Initial_000000001	500000000.0	10.0	11.0	0.2207801735920957	19.219948333978294	0.8674799447492262	1	0.7768817204301075
Initial_000000002	500000000.0	12.0	11.0	0.10480190999022508	10.67625439720673	0.5759601519011034	1	0.5319548872180451
