plant	time	x	y	r_stem	height	growth	ag_factor	bg_factor
Initial_000000001	500000000.0	10.0	11.0	0.2386964929691368	20.372890121573224	1.1095787707394478	1	1
Initial_000000002	500000000.0	12.0	11.0	0.1449573039519824	13.83840270805806	1.1129083704728093	1	1
