plant	time	x	y	r_stem
Initial_000000230	500000000.0	13.555007346633767	14.181463556970185	0.033284963349589254
Initial_000000281	500000000.0	9.306603595723551	0.3408733866478346	0.026391246156272988
Initial_000000296	500000000.0	6.7855525112935275	1.53940088929302	0.02442639187136861
Initial_000000300	500000000.0	21.294381408803492	17.751131331206896	0.023908237314242832
Initial_000000318	500000000.0	17.74943452842818	16.460083751806366	0.021609754525219866
