plant	time	x	y	r_stem
Initial_000000001	2000000.0	10	11	0.05811453301290236
Initial_000000002	2000000.0	12	11	0.012539533878317893
Initial_000000003	2000000.0	9.359615267691863	2.844752946084658	0.005
Initial_000000004	2000000.0	7.862524811218805	12.843940410157874	0.005
