plant	time	x	y	r_stem	h_stem	r_crown	r_root	growth	ag_resources	bg_resources	psi_osmo	rgf	partner	potential_partner	water_available	water_absorbed	water_exchanged
Initial_000000001	500000000.0	10.0	11.0	0.15512734277511528	6.679972527292825	2.6152846401025065	1.9632655519354003	0.0013304430115801057	0.5368142464963349	0.5107638825348111	-2511363.6363636367	-1	['Initial2']	[]	0.5107638825348111	0.5115555082867516	-0.000791625751940067
Initial_000000002	500000000.0	12.0	11.0	0.08160017492629552	4.77747860686954	1.658982179977226	1.248779279318087	0.0007451165094202295	0.21573471996911756	0.2067860667818188	-2588636.3636363638	-1	['Initial1']	[]	0.20678606678181882	0.20599444102987882	0.000791625751940067
