tree	time	x	y	r_stem	h_stem	r_crown	r_root	growth	ag_factor	bg_factor
Initial_000000001	2000000.0	10.0	11.0	0.11246109724620004	5.97431226575208	3.3535219880925196	3.3535219880925196	1.090485520741111	1	1
Initial_000000002	2000000.0	12.0	11.0	0.024947262269758935	3.03909351535935	1.5794702361791733	1.5794702361791733	0.823801580165212	1	1
