time	x	y	r_stem	h_stem	k_geom
0.0	3.9612572951924796	15.210614243979174	0.005	0.05	4000
43200.0	3.9612572951924796	15.210614243979174	0.005	0.05	4000
86400.0	3.9612572951924796	15.210614243979174	0.005	0.05	4000
