time	x	y	r_stem	h_stem	k_geom
86400.0	6.510232756644976	3.3003179543829697	0.005	0.05	4000
