time	x	y	r_stem	h_stem	k_geom
0.0	3.382216731250709	1.7667962834802053	0.005	0.05	4000
43200.0	3.382216731250709	1.7667962834802053	0.005	0.05	4000
86400.0	3.382216731250709	1.7667962834802053	0.005	0.05	4000
