time	x	y	r_stem	h_stem	k_geom
86400.0	7.033052788641758	15.092953830597144	0.005	0.05	4000
