time	x	y	r_stem	h_stem	k_geom
0.0	9.970140246051809	4.495932910616953	0.005	0.05	4000
43200.0	9.970140246051809	4.495932910616953	0.005	0.05	4000
86400.0	9.970140246051809	4.495932910616953	0.005	0.05	4000
