time	x	y	r_stem	h_stem	k_geom
43200.0	13.007943638629344	12.020779068090889	0.005	0.05	4000
86400.0	13.007943638629344	12.020779068090889	0.005	0.05	4000
