time	x	y	r_stem	h_stem	k_geom
86400.0	1.8091869854181475	6.014001132724067	0.005	0.05	4000
