time	x	y	r_stem	h_stem	k_geom
86400.0	0.9379263877849953	12.52574296622785	0.005	0.05	4000
