tree	time	x	y	r_stem	r_crown	r_root	height	growth	ag_factor	bg_factor
Initial_000000001	2000000.0	10.0	11.0	0.014602314279132113	1.2084003591166346	1.2084003591166346	2.748132936967345	0.6834500875947305	1	1
Initial_000000002	2000000.0	12.0	11.0	0.006538182065682919	0.8085902587641604	0.8085902587641604	1.988371093637247	0.45595757478232235	1	1
