plant	time	x	y	r_stem	h_stem	r_crown	r_root	growth	ag_resources	bg_resources
Initial_000000001	3000000.0	10.0	11.0	0.11262631977176912	5.985825549075546	2.433596916222141	1.5051233737235195	0.0015500056734693243	0.46438438836603924	0.44503765707759635
