time	x	y	r_stem	h_stem	k_geom
0.0	12.416120046809286	16.943422218943716	0.005	0.05	4000
43200.0	12.416120046809286	16.943422218943716	0.005	0.05	4000
86400.0	12.416120046809286	16.943422218943716	0.005	0.05	4000
