time	x	y	r_stem	h_stem	k_geom
86400.0	14.32357878239358	2.90598593527158	0.005	0.05	4000
