time	x	y	r_stem	h_stem	k_geom
0.0	12.021026288332157	17.454802243142463	0.005	0.05	4000
43200.0	12.021026288332157	17.454802243142463	0.005	0.05	4000
86400.0	12.021026288332157	17.454802243142463	0.005	0.05	4000
