time	x	y	r_stem	h_stem	k_geom
86400.0	8.85927273496664	5.481608931475559	0.005	0.05	4000
