time	x	y	r_stem	h_stem	k_geom
43200.0	16.259769119003124	7.9463790444697	0.005	0.05	4000
86400.0	16.259769119003124	7.9463790444697	0.005	0.05	4000
