time	x	y	r_stem	h_stem	k_geom
0.0	17.29567534674065	19.480678296202043	0.005	0.05	4000
43200.0	17.29567534674065	19.480678296202043	0.005	0.05	4000
86400.0	17.29567534674065	19.480678296202043	0.005	0.05	4000
