time	x	y	r_stem	h_stem	k_geom
86400.0	9.030674975168345	3.6612754226723387	0.005	0.05	4000
