time	x	y	r_stem	h_stem	k_geom
0.0	1.1669435436630438	17.795978442579585	0.005	0.05	4000
43200.0	1.1669435436630438	17.795978442579585	0.005	0.05	4000
86400.0	1.1669435436630438	17.795978442579585	0.005	0.05	4000
