time	x	y	r_stem	h_stem	k_geom
0.0	9.577996865607279	12.117995084967419	0.005	0.05	4000
43200.0	9.577996865607279	12.117995084967419	0.005	0.05	4000
86400.0	9.577996865607279	12.117995084967419	0.005	0.05	4000
