time	x	y	r_stem	h_stem	k_geom
86400.0	5.5194703326372	15.91467153328177	0.005	0.05	4000
