time	x	y	r_stem	h_stem	k_geom
86400.0	0.05563641872615932	18.894403276215943	0.005	0.05	4000
