time	x	y	r_stem	h_stem	k_geom
43200.0	1.8541801823756887	5.826756934545896	0.005	0.05	4000
86400.0	1.8541801823756887	5.826756934545896	0.005	0.05	4000
