time	x	y	r_stem	h_stem	k_geom
43200.0	2.624249252059323	11.933783862869225	0.005	0.05	4000
86400.0	2.624249252059323	11.933783862869225	0.005	0.05	4000
