time	x	y	r_stem	h_stem	k_geom
43200.0	17.036377020853614	19.867152304802353	0.005	0.05	4000
86400.0	17.036377020853614	19.867152304802353	0.005	0.05	4000
