time	x	y	r_stem	h_stem	k_geom
43200.0	8.072258233945062	6.591117793833064	0.005	0.05	4000
86400.0	8.072258233945062	6.591117793833064	0.005	0.05	4000
