time	x	y	r_stem	h_stem	k_geom
86400.0	7.6920800909414595	5.5489013797846365	0.005	0.05	4000
