time	x	y	r_stem	h_stem	k_geom
43200.0	14.643830959871236	1.4961133003184046	0.005	0.05	4000
86400.0	14.643830959871236	1.4961133003184046	0.005	0.05	4000
