time	x	y	r_stem	h_stem	k_geom
43200.0	6.571246161626436	18.42702221596771	0.005	0.05	4000
86400.0	6.571246161626436	18.42702221596771	0.005	0.05	4000
