time	x	y	r_stem	h_stem	k_geom
86400.0	10.92182603354203	12.37915292702623	0.005	0.05	4000
