time	x	y	r_stem	h_stem	k_geom
86400.0	4.428767911900556	14.438035286095785	0.005	0.05	4000
