time	x	y	r_stem	h_stem	k_geom
43200.0	12.647650624918697	6.046296316357163	0.005	0.05	4000
86400.0	12.647650624918697	6.046296316357163	0.005	0.05	4000
