time	x	y	r_stem	h_stem	k_geom
86400.0	19.907343605943268	2.2403939013199126	0.005	0.05	4000
