time	x	y	r_stem	h_stem	k_geom
43200.0	16.951403446755123	4.782678722305507	0.005	0.05	4000
86400.0	16.951403446755123	4.782678722305507	0.005	0.05	4000
