time	x	y	r_stem	h_stem	k_geom
43200.0	2.223561251995816	2.450627557270386	0.005	0.05	4000
86400.0	2.223561251995816	2.450627557270386	0.005	0.05	4000
