time	x	y	r_stem	h_stem	k_geom
86400.0	2.8394092995669595	16.3698338458474	0.005	0.05	4000
