time	x	y	r_stem	h_stem	k_geom
43200.0	10.850887360225226	2.843400952030539	0.005	0.05	4000
86400.0	10.850887360225226	2.843400952030539	0.005	0.05	4000
