time	x	y	r_stem	h_stem	k_geom
43200.0	8.836663488459921	8.680279866665874	0.005	0.05	4000
86400.0	8.836663488459921	8.680279866665874	0.005	0.05	4000
