time	x	y	r_stem	h_stem	k_geom
86400.0	3.978950793576246	17.137006049154664	0.005	0.05	4000
