time	x	y	r_stem	h_stem	k_geom
86400.0	10.951723118384871	16.385739913401373	0.005	0.05	4000
