time	x	y	r_stem	h_stem	k_geom
0.0	15.42641286533492	0.41503898718803	0.005	0.05	4000
43200.0	15.42641286533492	0.41503898718803	0.005	0.05	4000
86400.0	15.42641286533492	0.41503898718803	0.005	0.05	4000
