time	x	y	r_stem	h_stem	k_geom
43200.0	7.466815201029384	13.482672301326906	0.005	0.05	4000
86400.0	7.466815201029384	13.482672301326906	0.005	0.05	4000
