time	x	y	r_stem	h_stem	k_geom
43200.0	12.355339569386343	10.262764851087818	0.005	0.05	4000
86400.0	12.355339569386343	10.262764851087818	0.005	0.05	4000
