time	x	y	r_stem	h_stem	k_geom
43200.0	18.35548245025887	14.291515667953812	0.005	0.05	4000
86400.0	18.35548245025887	14.291515667953812	0.005	0.05	4000
