time	x	y	r_stem	h_stem	k_geom
43200.0	14.43510634863599	5.837521363412663	0.005	0.05	4000
86400.0	14.43510634863599	5.837521363412663	0.005	0.05	4000
