time	x	y	r_stem	h_stem	k_geom
86400.0	2.2796872372709953	16.573626526153532	0.005	0.05	4000
