time	x	y	r_stem	h_stem	k_geom
43200.0	16.25241923304227	12.250521336587763	0.005	0.05	4000
86400.0	16.25241923304227	12.250521336587763	0.005	0.05	4000
