time	x	y	r_stem	h_stem	k_geom
43200.0	0.07896532655828903	10.243845267715532	0.005	0.05	4000
86400.0	0.07896532655828903	10.243845267715532	0.005	0.05	4000
