time	x	y	r_stem	h_stem	k_geom
86400.0	16.10446393665493	10.432943047872683	0.005	0.05	4000
