time	x	y	r_stem	h_stem	k_geom
86400.0	18.172977616173366	6.3847217797709055	0.005	0.05	4000
