plant,x,y,r_stem,h_stem,r_root,r_crown
tree_1,10,11,0.150076192559858,0,1.50076192559858,1.50076192559858
tree_2,12,11,0.0600149950340825,0,0.600149950340825,0.600149950340825
