tree	time	x	y	r_stem	h_stem	r_crown	r_root	growth	ag_resources	bg_resources	salinity
Initial_000000001	500000000.0	10.0	11.0	0.15405366285872235	6.641627934101538	2.521287070694308	1.9642242450877303	0.0011848374367059717	0.4989815457317746	0.472470289636029	0.03435604247372683
Initial_000000002	500000000.0	12.0	11.0	0.07776429993924197	4.569638514399742	1.466159931147212	1.2303064309867497	0.0005657064464069305	0.16852634134002623	0.1612668214408917	0.042523528130133076
