plant,x,y,r_stem,h_stem,r_crown,r_root,partner
Initial_000000001,10,11,0.112115569318931,5.97431226575208,2.42563909234418,1.50018371351876,[]
Initial_000000002,12,11,0.0246864169126034,3.03909351535935,0.808002053923626,0.499570285378578,[]
