plant	time	x	y	r_stem
Initial_000000001	2000000.0	10	11	0.05811453301290236
Initial_000000002	2000000.0	12	11	0.012539533878317893
Initial_000000003	2000000.0	10.630444630267808	14.413166436401685	0.005
Initial_000000004	2000000.0	15.188014492564704	14.018515551116419	0.005
