tree	time	x	y	r_stem	height	growth	ag_factor	bg_factor   salinity
Initial_000000001	2000000.0	10.0	11.0	0.11246109724620004	11.291185528652004	1.090485520741111	1	1   0.031074126738792122
Initial_000000002	2000000.0	12.0	11.0	0.024947262269758935	3.7120203704809227	0.823801580165212	1	1   0.03130854695888863