plant	time	x	y	r_stem	height	growth	ag_factor	bg_factor
Initial_000000001	2000000.0	10	11	0.15039718942726327	14.253066500042095	0.9113448061659142	1	0.8171753818924362
Initial_000000002	2000000.0	12	11	0.06026136945716294	6.902392409008805	0.5519289337629902	1	0.5496892541646958
