plant	time	x	y	r_stem	height	growth	ag_factor	bg_factor
Initial_000000001	2000000.0	10.0	11.0	0.1504295790714198	14.253072891145882	1.115237748854243	1.0	1
Initial_000000002	2000000.0	12.0	11.0	0.060189920041172594	6.902400297235405	0.10040746945694175	0.1	1
