tree	time	x	y	r_stem	h_stem	r_crown	r_root	growth	ag_resources	bg_resources	salinity
Initial_000000001	500000000.0	10.0	11.0	0.15516244253493314	6.680402181826311	2.616580364882978	1.9634956251799625	0.0013322122445752224	0.5373455684952401	0.5112984352099733	0.02954534075413815
Initial_000000002	500000000.0	12.0	11.0	0.08161571767788994	4.773955873206462	1.6580731731063618	1.2493401394273054	0.0007440762311415338	0.2154989894465626	0.20655450071752982	0.030454327253667212
