tree	time	x	y	r_stem	h_stem	r_crown	r_root	growth	ag_resources	bg_resources	salinity
Initial_000000001	500000000.0	10.0	11.0	0.1696784079243319	7.132655946263683	3.2640979794810256	2.0216843409254435	0.0022953767403535146	0.8360668746798766	0.7979502165034985	3.217009751290521e-06
Initial_000000002	500000000.0	12.0	11.0	0.09454151327226201	5.558831071002093	2.144591837710212	1.3258743073339117	0.0012686408132085453	0.360483267008914	0.34621848678543116	4.996914380854543e-06
