tree	time	x	y	r_stem	h_stem	k_geom
Initial_000000011	86400.0	14.619026947480323	10.479625085079658	0.005	0.05	4000
Initial_000000012	86400.0	16.344516128588737	7.2207807246690905	0.005	0.05	4000
Initial_000000013	86400.0	2.6943556414389707	6.922348200875045	0.005	0.05	4000
Initial_000000014	86400.0	3.0868321825996143	15.422915087517037	0.005	0.05	4000
Initial_000000015	86400.0	1.9675773996378123	12.16434258437717	0.005	0.05	4000
