tree	time	x	y	r_stem	h_stem	k_geom
Recruiting_000000006	43200.0	9.727269996060778	1.156218802095905	0.005	0.05	4000
Recruiting_000000007	43200.0	8.123214919314604	10.725503970859252	0.005	0.05	4000
Recruiting_000000008	43200.0	6.54865130965424	3.8381179851829152	0.005	0.05	4000
Recruiting_000000009	43200.0	3.0481026815432357	10.87963772427894	0.005	0.05	4000
Recruiting_000000010	43200.0	2.7107754830766537	2.0445723973326553	0.005	0.05	4000
