plant	time	x	y	r_stem	height	growth	ag_factor	bg_factor
Initial_000000001	2000000.0	10.0	11.0	0.15029406681613702	14.248799749659417	0.617598809729109	1	0.553793237944927
Initial_000000002	2000000.0	12.0	11.0	0.06018005670705994	6.897795037091615	0.3691910394276246	1	0.36774582444769804
