plant	time	x	y	r_stem	height	growth	ag_factor	bg_factor
Initial_000000001	500000000.0	10	11	0.2207474910003557	19.217804624937013	0.8670718138248525	1	0.7765090516818467
Initial_000000002	500000000.0	12	11	0.10477578328301972	10.674124943177446	0.5756194819451894	1	0.5316543367348219
