plant	time	x	y	r_stem	height	growth	ag_factor	bg_factor
Initial_000000001	2000000.0	10.0	11.0	0.15039734273152627	14.253072859802016	0.911780068414469	1	0.8175656441726797
Initial_000000002	2000000.0	12.0	11.0	0.06026150817709885	6.902400264389473	0.5522397822529104	1	0.5499987060795911
