plant	time	x	y	r_stem	height	growth	ag_factor	bg_factor
Initial_000000001	500000000.0	10.0	11.0	0.22078000776450987	19.21993745668771	0.8674779445509021	1	0.7768798927520185
Initial_000000002	500000000.0	12.0	11.0	0.10480180120521952	10.676245530893254	0.5759587333616547	1	0.5319536357502538
