plant	time	x	y	r_stem	height	growth	ag_factor	bg_factor
Initial_000000001	500000000.0	10.0	11.0	0.1983716491300158	17.71563481573871	0.6003207013350614	1	0.5353147784080255
Initial_000000002	500000000.0	12.0	11.0	0.08971144210245283	9.430754242434414	0.3775227933941994	1	0.3549689734901226
