plant	time	x	y	r_stem	h_stem	r_crown	r_root	growth	ag_resources	bg_resources	salinity
Initial_000000001	2000000.0	1.6967331035870423	18.91765402226748	0.01	0.041196045493019154	0.3086030379910022	0.25000039879251845	4.009713643902327e-05	0.014542226216057663	0.01958050451395907	0.0
Initial_000000002	2000000.0	9.359615267691863	2.844752946084658	0.01	0.041196045493019154	0.3086030379910022	0.25000039879251845	4.009713643902327e-05	0.014542226216057663	0.01958050451395907	0.0
Initial_000000003	2000000.0	15.958524037460606	0.7972342850982752	0.01	0.027774130614502734	0.30426746035986996	0.2500001059646791	3.8871018326337864e-05	0.014137166941154067	0.019621847017868597	0.0
Initial_000000004	2000000.0	4.915192302764702	7.862524811218805	0.01	0.015	0.3	0.25	NaN	NaN	NaN	NaN
