plant	time	x	y	r_stem	h_stem	r_crown	r_root	growth	ag_resources	bg_resources	salinity
Initial_000000001	2000000.0	1.6967331035870423	18.91765402226748	0.005	0.07139008973031898	0.20502985561521095	0.20000000000010526	1.4134996388687561e-05	0.0032205690476927776	0.006903756160513581	0.034999303787933554
Initial_000000002	2000000.0	9.359615267691863	2.844752946084658	0.005	0.06052472383550822	0.20249829303163297	0.20000000000002865	1.3776831284455835e-05	0.0031415926535897933	0.006962769762615453	0.03499932159840235
Initial_000000003	2000000.0	15.958524037460606	0.7972342850982752	0.005	0.05	0.2	0.2	NaN	NaN	NaN	NaN
