plant,x,y,r_stem
tree_1,10,11,0.150076192559858
tree_2,12,11,0.0600149950340825
