plant	time	x	y	r_stem	h_stem	r_crown	r_root	growth	ag_resources	bg_resources	salinity
Initial_000000001	500000000.0	10.0	11.0	0.15240783270323774	6.614953569936499	2.5006671803614444	1.948948544280503	0.0011728048167336008	0.4908587662020714	0.46421019571301575	0.03448258609054536
Initial_000000002	500000000.0	12.0	11.0	0.07882835993364216	4.632609493991861	1.5429343847501742	1.2318637074152523	0.0006353770913070857	0.18664035771597587	0.17839281655574565	0.03738710369407493
