plant	time	x	y	r_stem	h_stem	r_crown	r_root	growth	ag_resources	bg_resources
Initial_000000001	2000000.0	10	11	0.11237104649845417	5.980074775523146	2.4296209749699984	1.502655364224601	0.001546131522877494	0.4628658616808192	0.44359425820285403
Initial_000000002	2000000.0	12	11	0.024947060990380347	3.0556737282623474	0.8141154382502	0.5033435202292423	0.0002189821708695315	0.051664769825987625	0.050821336825372924
