plant	time	x	y	r_stem	h_stem	r_crown	r_root	growth	ag_resources	bg_resources
Initial_000000001	500000000.0	10	11	0.16967907646130878	7.1326845426212415	3.264140187892901	2.0216851578644373	0.0022954883601328333	0.8360882741334389	0.797978849857681
