plant	time	x	y	r_stem
Initial_000000001	2000000.0	3.873805488248526	9.562173251500138	0.005
Initial_000000002	2000000.0	0.15477423212282143	5.85312831370057	0.005
Initial_000000003	2000000.0	3.210392640597011	9.170943704240958	0.005
Initial_000000004	2000000.0	1.1923269769963758	9.300134042337648	0.005
