plant	time	x	y	r_stem	h_stem	r_crown	r_root	growth	ag_resources	bg_resources	salinity
Initial_000000001	2000000.0	1.6967331035870423	18.91765402226748	0.005	0.07139008973032372	0.20502985561531364	0.2	1.413499638869176e-05	0.0032205690476936714	0.011112127340806747	0.0
Initial_000000002	2000000.0	2.844752946084658	15.958524037460606	0.005	0.06052472383550822	0.20249829303166106	0.2	1.3776831284455835e-05	0.0031415926535897933	0.011206981864581697	0.0
Initial_000000003	2000000.0	7.862524811218805	12.843940410157874	0.005	0.05	0.2	0.2	NaN	NaN	NaN	NaN
