plant	time	x	y	r_stem	age
Initial_000000001	2000000.0	1.6967331035870423	18.91765402226748	0.005	2000000.0
Initial_000000002	2000000.0	2.844752946084658	15.958524037460606	0.005	1000000.0
Initial_000000003	2000000.0	7.862524811218805	12.843940410157874	0.005	NaN
