tree,x,y,r_stem,r_crown,r_root,h_stem
Initial_000000001,10,11,0.0143860704216917,1.19941946047626,1.19941946047626,0
Initial_000000002,12,11,0.00639417979091439,0.799636154192292,0.799636154192292,0
