tree,x,y,r_stem,r_root,r_crown,h_stem
Initial_000000001,10,11,0.0143860704216917,0,0,0
Initial_000000002,12,11,0.00639417979091439,0,0,0