plant	time	x	y	r_stem	h_stem	r_crown	r_root	growth	ag_resources	bg_resources	psi_osmo	rgf	partner	potential_partner	water_available	water_absorbed	water_exchanged
Initial_000000001	2000000.0	10.0	11.0	0.11229440560518016	5.977561731480918	2.4256391000200423	1.50192197878664	0.0008710058585645146	0.4621066828213375	0.29981559104675876	-2511363.6363636367	-1	[]	[]	0.29981559104675876	0.29981559104675876	0.0
Initial_000000002	2000000.0	12.0	11.0	0.024948025976859627	3.049684133519979	0.8080020670065645	0.5034729834247506	0.00014009166686133466	0.05127608005572926	0.03402039286060873	-2588636.3636363638	-1	[]	[]	0.034020392860608734	0.034020392860608734	0.0
