plant	time	x	y	r_stem	height	growth	ag_factor	bg_factor
Initial_000000001	2000000.0	10	11	0.1504294095472905	14.253066500042095	1.1147027381202919	1	0.9995203018188477
Initial_000000002	2000000.0	12	11	0.060332917708381874	6.902392409008805	1.003507152296346	1	0.9994350075721741
