plant	time	x	y	r_stem	height	growth	ag_factor	bg_factor
Initial_000000001	500000000.0	10.0	11.0	0.23344545277137563	20.040170290017485	0.9758449985151846	1	0.8776189402354493
Initial_000000002	500000000.0	12.0	11.0	0.1328415619393104	12.90937528446255	0.8060048750836671	1	0.7284917381249941
