plant	time	x	y	r_stem	height	growth	ag_factor	bg_factor
Initial_000000001	500000000.0	10	11	0.2334087551824582	20.037826435157047	0.9754386476791885	1	0.8772411863971058
Initial_000000002	500000000.0	12	11	0.13280320827848077	12.906395417309357	0.8056106304646607	1	0.7281510796148409
