plant	time	x	y	r_stem	height	growth	ag_factor	bg_factor
Initial_000000001	500000000.0	10.0	11.0	0.2079926444785956	18.370129067788397	0.6970803670222088	1	0.6224357567844121
Initial_000000002	500000000.0	12.0	11.0	0.11058809117583657	11.146326932446373	0.5909407447357022	1	0.5427704414871534
