tree	time	x	y	r_stem	h_stem	r_crown	r_root	growth	ag_resources	bg_resources	salinity	rgf	partner	potential_partner	water_available	water_absorbed	water_exchanged
Initial_000000001	2000000.0	10.0	11.0	0.11228932083361548	5.9774694928873435	2.4256390966921075	1.5018723846777773	0.000836062281152594	0.4621066824001683	0.2923778659836746	0.031074126738792122	-1	[]	[]	0.443594258202854	0.443594258202854	0.0
Initial_000000002	2000000.0	12.0	11.0	0.024945157806094673	3.0495688392853544	0.8080020633166772	0.5034289813005122	0.0001378625940889872	0.05127607993828124	0.033545949735452496	0.03130854695888863	-1	[]	[]	0.05082133682537293	0.05082133682537293	0.0