plant	time	x	y	r_stem	h_stem	r_crown	r_root	growth	ag_resources	bg_resources
Initial_000000001	2000000.0	10.0	11.0	0.112115569318931	5.97431226575208	2.42563909234418	1.50018371351876	NaN	NaN	NaN
Initial_000000002	2000000.0	12.0	11.0	0.0246864169126034	3.03909351535935	0.808002053923626	0.499570285378578	NaN	NaN	NaN
