plant	time	x	y	r_ag	h_ag	r_bg	h_bg	growth	ag_factor	bg_factor
Initial_000000001	8640000.0	1	0.8	0.359284219149851	0.718568438299702	0.359284219149851	0.718568438299702	0.0057023999985191046	1	1
Initial_000000002	8640000.0	1	1.2	0.3570103682085435	0.714020736417087	0.3570103682085435	0.714020736417087	0.00570239999854732	1	1
