plant	time	x	y	r_ag	h_ag	r_bg	h_bg	growth	ag_factor	bg_factor
Initial_000000001	8640000.0	1	0.8	0.2788286352343064	0.9153145409372254	0.3299225310155369	0.3532816873436912	0.007110207043591099	1	1
Initial_000000002	8640000.0	1	1.2	0.25276112685451224	0.9110445074180487	0.31069287738437307	0.27379525158958185	0.009466498245903116	1	1
