plant	time	x	y	r_stem	h_stem	r_crown	r_root	growth	ag_resources	bg_resources	salinity
Initial_000000001	500000000.0	10.0	11.0	0.16867273728615978	7.072050742583177	3.130765297889755	2.0289677986204095	0.002016896699803739	0.7693393722287932	0.7277015662198068	0.00874343616184464
Initial_000000002	500000000.0	12.0	11.0	0.09003899430357828	5.259746584959369	1.8727307443532826	1.312651269590349	0.0009383646202879845	0.2749531638044121	0.263207769577356	0.020779836654538333
