plant	time	x	y	r_stem	h_stem	r_crown	r_root	growth	ag_resources	bg_resources	salinity
Initial_000000001	500000000.0	10	11	0.14650752015785024	6.519631217163822	2.4266655371600763	1.8904774960757198	0.0009485763801797301	0.4624873631782261	0.3968271153185211	0.03979503637896828
Initial_000000002	500000000.0	12	11	0.07531877352261508	4.479839273402114	1.4378908707386857	1.2032472883744825	0.0005508379953373084	0.16207563434986366	0.15517539759765825	0.04225570232007385
