tree,x,y,r_stem,h_stem,r_crown,r_root
Initial_000000002,12,11,0.0246864169126034,3.03909351535935,0.808002053923626,0.499570285378578
