tree	time	x	y	r_stem	h_stem	r_crown	r_root	growth	ag_resources	bg_resources
Initial_000000001	500000000.0	10.0	11.0	0.12500608312982955	6.256701516253903	2.6232425842293496	1.6228974306182768	0.001733501714260858	0.5397028777040955	0.5166081418257268
Initial_000000002	500000000.0	12.0	11.0	0.0520488628751555	5.328934417897685	1.9386495298752733	0.7675356216666589	0.00041694182392955603	0.11911295397444567	0.11614835400291972
