plant	time	x	y	r_ag	h_ag	r_bg	h_bg	growth	ag_factor	bg_factor	salinity
Initial_000000001	864000.0	1	0.8	0.12343796067243878	0.2937518426897551	0.13013452086456417	0.22008968057637612	0.016557715910422172	1	1	NaN
Initial_000000002	864000.0	1	1.2	0.07405766097846504	0.19623064391386022	0.08093127840088364	0.12062085226725575	0.017122683202086084	1	1	NaN
