plant	time	x	y	r_ag	h_ag	r_bg	h_bg	growth	ag_factor	bg_factor
Initial_000000001	8640000.0	1	0.8	0.27218232608784093	0.888729304351364	0.32225564688241964	0.34817043125494623	0.005850534135220872	1	0.8871463714637147
Initial_000000002	8640000.0	1	1.2	0.2441497281236088	0.8765989124944351	0.30100635949521654	0.26733757299681127	0.007962549545613026	1	0.8702263083451203
