plant	time	x	y	r_ag	h_ag	r_bg	h_bg	growth	ag_factor	bg_factor
Initial_000000001	8640000.0	1	0.8	0.3476433705675386	0.6952867411350772	0.35215499492937774	0.7043099898587555	0.004825107690938535	1	0.8461538461538461
Initial_000000002	8640000.0	1	1.2	0.34493918521967853	0.6898783704393571	0.3496170047170394	0.6992340094340788	0.004825107690969335	1	0.8461538461538461
